Survived,Sex,Age,Fare,Pclass_1,Pclass_2,Pclass_3,Family_size,Title_1,Title_2,Title_3,Title_4,Emb_1,Emb_2,Emb_3
0,1,0.275,0.014151058,0,0,1,0.1,1,0,0,0,0,0,1
1,0,0.475,0.139135735,1,0,0,0.1,1,0,0,0,1,0,0
1,0,0.325,0.01546857,0,0,1,0,0,0,0,1,0,0,1
1,0,0.4375,0.103644297,1,0,0,0.1,1,0,0,0,0,0,1
0,1,0.4375,0.015712554,0,0,1,0,1,0,0,0,0,0,1
0,1,0.35,0.016509502,0,0,1,0,1,0,0,0,0,1,0
0,1,0.675,0.101228858,1,0,0,0,1,0,0,0,0,0,1
0,1,0.025,0.04113566,0,0,1,0.4,0,0,1,0,0,0,1
1,0,0.3375,0.021730754,0,0,1,0.2,1,0,0,0,0,0,1
1,0,0.175,0.058694293,0,1,0,0.1,1,0,0,0,1,0,0
1,0,0.05,0.032596229,0,0,1,0.2,0,0,0,1,0,0,1
1,0,0.725,0.051822149,1,0,0,0,0,0,0,1,0,0,1
0,1,0.25,0.015712554,0,0,1,0,1,0,0,0,0,0,1
0,1,0.4875,0.061044735,0,0,1,0.6,1,0,0,0,0,0,1
0,0,0.175,0.015330377,0,0,1,0,0,0,0,1,0,0,1
1,0,0.6875,0.03122992,0,1,0,0,1,0,0,0,0,0,1
0,1,0.025,0.056848214,0,0,1,0.5,0,0,1,0,0,1,0
1,1,0.35,0.02537431,0,1,0,0,1,0,0,0,0,0,1
0,0,0.3875,0.03513366,0,0,1,0.1,1,0,0,0,0,0,1
1,0,0.35,0.014102261,0,0,1,0,1,0,0,0,1,0,0
0,1,0.4375,0.05074862,0,1,0,0,1,0,0,0,0,0,1
1,1,0.425,0.02537431,0,1,0,0,1,0,0,0,0,0,1
1,0,0.1875,0.015671955,0,0,1,0,0,0,0,1,0,1,0
1,1,0.35,0.069291385,1,0,0,0,1,0,0,0,0,0,1
0,0,0.1,0.04113566,0,0,1,0.4,0,0,0,1,0,0,1
1,0,0.475,0.06126432,0,0,1,0.6,1,0,0,0,0,0,1
0,1,0.35,0.014102261,0,0,1,0,1,0,0,0,1,0,0
0,1,0.2375,0.513341812,1,0,0,0.5,1,0,0,0,0,0,1
1,0,0.35,0.015379174,0,0,1,0,0,0,0,1,0,1,0
0,1,0.35,0.015411575,0,0,1,0,1,0,0,0,0,0,1
0,1,0.5,0.054107398,1,0,0,0,1,0,0,0,1,0,0
1,0,0.35,0.285989555,1,0,0,0.1,1,0,0,0,1,0,0
1,0,0.35,0.015126993,0,0,1,0,0,0,0,1,0,1,0
0,1,0.825,0.020494635,0,1,0,0,1,0,0,0,0,0,1
0,1,0.35,0.16038672,1,0,0,0.1,1,0,0,0,1,0,0
0,1,0.525,0.10149724,1,0,0,0.1,1,0,0,0,0,0,1
1,1,0.35,0.014110459,0,0,1,0,1,0,0,0,1,0,0
0,1,0.2625,0.015712554,0,0,1,0,1,0,0,0,0,0,1
0,0,0.225,0.03513366,0,0,1,0.2,0,0,0,1,0,0,1
1,0,0.175,0.021942337,0,0,1,0.1,0,0,0,1,1,0,0
0,0,0.5,0.018493968,0,0,1,0.1,1,0,0,0,0,0,1
0,0,0.3375,0.04098927,0,1,0,0.1,1,0,0,0,0,0,1
0,1,0.35,0.015411575,0,0,1,0,1,0,0,0,1,0,0
1,0,0.0375,0.081157193,0,1,0,0.3,0,0,0,1,1,0,0
1,0,0.2375,0.015379174,0,0,1,0,0,0,0,1,0,1,0
0,1,0.35,0.015712554,0,0,1,0,1,0,0,0,0,0,1
0,1,0.35,0.030253985,0,0,1,0.1,1,0,0,0,0,1,0
1,0,0.35,0.015126993,0,0,1,0,0,0,0,1,0,1,0
0,1,0.35,0.04231498,0,0,1,0.2,1,0,0,0,1,0,0
0,0,0.225,0.034743286,0,0,1,0.1,1,0,0,0,0,0,1
0,1,0.0875,0.077464841,0,0,1,0.5,0,0,1,0,0,0,1
0,1,0.2625,0.015224586,0,0,1,0,1,0,0,0,0,0,1
1,0,0.6125,0.149765424,1,0,0,0.1,1,0,0,0,1,0,0
1,0,0.3625,0.05074862,0,1,0,0.1,1,0,0,0,0,0,1
0,1,0.8125,0.120975342,1,0,0,0.1,1,0,0,0,1,0,0
1,1,0.35,0.069291385,1,0,0,0,1,0,0,0,0,0,1
1,0,0.2625,0.020494635,0,1,0,0,0,0,0,1,0,0,1
0,1,0.35625,0.014110459,0,0,1,0,1,0,0,0,1,0,0
1,0,0.0625,0.054164393,0,1,0,0.3,0,0,0,1,0,0,1
0,1,0.1375,0.091542703,0,0,1,0.7,0,0,1,0,0,0,1
0,1,0.275,0.014110459,0,0,1,0,1,0,0,0,1,0,0
1,0,0.475,0.156149601,1,0,0,0,0,0,0,1,0,0,0
0,1,0.5625,0.162932349,1,0,0,0.1,1,0,0,0,0,0,1
0,1,0.05,0.054457173,0,0,1,0.5,0,0,1,0,0,0,1
0,1,0.35,0.054107398,1,0,0,0,1,0,0,0,1,0,0
1,1,0.35,0.02975782,0,0,1,0.2,0,0,1,0,1,0,0
1,0,0.3625,0.020494635,0,1,0,0,1,0,0,0,0,0,1
0,1,0.2375,0.015923941,0,0,1,0,1,0,0,0,0,0,1
1,0,0.2125,0.01546857,0,0,1,0.6,0,0,0,1,0,0,1
0,1,0.325,0.016908074,0,0,1,0.2,1,0,0,0,0,0,1
0,1,0.4,0.020494635,0,1,0,0,1,0,0,0,0,0,1
0,0,0.2,0.091542703,0,0,1,0.7,0,0,0,1,0,0,1
0,1,0.2625,0.143462446,0,1,0,0,1,0,0,0,0,0,1
0,1,0.325,0.028212719,0,0,1,0.1,1,0,0,0,1,0,0
1,1,0.4,0.110272458,0,0,1,0,1,0,0,0,0,0,1
0,1,0.3125,0.014931806,0,0,1,0,1,0,0,0,0,0,1
0,1,0.35,0.015411575,0,0,1,0,1,0,0,0,0,0,1
0,1,0.35,0.015712554,0,0,1,0,1,0,0,0,0,0,1
1,1,0.010375,0.05660423,0,1,0,0.2,0,0,1,0,0,0,1
1,0,0.375,0.024349578,0,0,1,0,0,0,0,1,0,0,1
0,1,0.275,0.01756683,0,0,1,0,1,0,0,0,0,0,1
1,1,0.3625,0.018542765,0,0,1,0,1,0,0,0,0,0,1
1,0,0.35,0.015200188,0,0,1,0,0,0,0,1,0,1,0
0,1,0.35,0.091933077,1,0,0,0,1,0,0,0,0,0,1
1,0,0.2125,0.020494635,0,1,0,0,0,0,0,1,0,0,1
1,0,0.4125,0.03093714,0,0,1,0.3,1,0,0,0,0,0,1
0,1,0.2,0.067095532,0,0,1,0.4,1,0,0,0,0,0,1
0,1,0.35,0.015712554,0,0,1,0,1,0,0,0,0,0,1
1,0,0.2875,0.513341812,1,0,0,0.5,0,0,0,1,0,0,1
0,1,0.3,0.015712554,0,0,1,0,1,0,0,0,0,0,1
0,1,0.3625,0.015712554,0,0,1,0,1,0,0,0,0,0,1
0,1,0.25,0.015330377,0,0,1,0,1,0,0,0,0,0,1
0,1,0.575,0.119405648,1,0,0,0.1,1,0,0,0,0,0,1
0,1,0.325,0.040159725,0,0,1,0.3,1,0,0,0,0,0,1
0,1,0.7375,0.014151058,0,0,1,0,1,0,0,0,0,0,1
0,1,0.35,0.015712554,0,0,1,0,1,0,0,0,0,0,1
0,1,0.8875,0.067640494,1,0,0,0,1,0,0,0,1,0,0
1,1,0.2875,0.123667166,1,0,0,0.1,1,0,0,0,1,0,0
1,0,0.425,0.04489301,0,1,0,0.1,1,0,0,0,0,0,1
0,1,0.425,0.05074862,0,1,0,0.1,1,0,0,0,0,0,1
0,0,0.35,0.015411575,0,0,1,0,0,0,0,1,0,0,1
0,1,0.35,0.015411575,0,0,1,0,1,0,0,0,0,0,1
0,1,0.2625,0.150855153,1,0,0,0.1,1,0,0,0,0,0,1
0,1,0.4125,0.016891873,0,0,1,0,1,0,0,0,0,0,1
0,1,0.4625,0.01546857,0,0,1,0.2,1,0,0,0,0,0,1
0,1,0.35,0.015411575,0,0,1,0,1,0,0,0,0,0,1
1,0,0.2625,0.014931806,0,0,1,0,0,0,0,1,0,0,1
1,1,0.35,0.015175789,0,0,1,0,1,0,0,0,0,0,1
0,1,0.475,0.015411575,0,0,1,0,1,0,0,0,0,0,1
1,0,0.35,0.047137661,0,0,1,0.1,0,0,0,1,0,1,0
0,1,0.5875,0.10149724,1,0,0,0,1,0,0,0,0,0,1
0,0,0.18125,0.028212719,0,0,1,0.1,0,0,0,1,1,0,0
0,1,0.275,0.015712554,0,0,1,0,1,0,0,0,0,0,1
0,0,0.25,0.019177123,0,0,1,0.1,0,0,0,1,0,0,1
0,0,0.2125,0.028220722,0,0,1,0,0,0,0,1,1,0,0
0,1,0.2625,0.01546857,0,0,1,0,1,0,0,0,0,0,1
0,1,0.88125,0.015126993,0,0,1,0,1,0,0,0,0,1,0
0,1,0.3625,0.04098927,0,1,0,0.1,1,0,0,0,0,0,1
0,1,0.3,0.483128426,1,0,0,0.1,1,0,0,0,1,0,0
0,0,0.025,0.061044735,0,0,1,0.6,0,0,0,1,0,0,1
0,1,0.2625,0.143462446,0,1,0,0.2,1,0,0,0,0,0,1
0,1,0.35,0.015712554,0,0,1,0,1,0,0,0,0,0,1
0,1,0.40625,0.058694293,0,1,0,0.1,1,0,0,0,1,0,0
1,0,0.40625,0.02537431,0,1,0,0,0,0,0,1,0,0,1
0,1,0.675,0.150855153,1,0,0,0.1,1,0,0,0,0,0,1
1,1,0.15,0.021942337,0,0,1,0.1,0,0,1,0,1,0,0
0,1,0.35,0.015126993,0,0,1,0,1,0,0,0,0,1,0
1,1,0.3,0.01393967,0,0,1,0,1,0,0,0,0,0,1
1,0,0.35,0.043640495,0,0,1,0.2,0,0,0,1,1,0,0
0,1,0.5625,0.013614293,0,0,1,0,1,0,0,0,0,0,1
0,1,0.4125,0.015411575,0,0,1,0,1,0,0,0,1,0,0
0,1,0.25,0.013760684,0,0,1,0,1,0,0,0,0,0,1
0,0,0.5875,0.028302115,0,0,1,0.1,1,0,0,0,0,0,1
1,0,0.3625,0.05074862,0,1,0,0.1,1,0,0,0,0,0,1
0,1,0.3125,0.02537431,0,1,0,0,1,0,0,0,0,0,1
0,1,0.2875,0.029367446,0,1,0,0,1,0,0,0,1,0,0
1,0,0.2375,0.051301585,1,0,0,0.2,0,0,0,1,0,0,1
0,1,0.4625,0.103644297,1,0,0,0.1,1,0,0,0,0,0,1
0,1,0.2,0.0179898,0,0,1,0,1,0,0,0,0,0,1
0,1,0.3,0.154588105,1,0,0,0,1,0,0,0,1,0,0
0,0,0.35,0.02975782,0,0,1,0.2,1,0,0,0,1,0,0
1,0,0.275,0.015126993,0,0,1,0,0,0,0,1,0,0,1
1,0,0.3,0.03093714,0,0,1,0.1,1,0,0,0,0,0,1
0,1,0.2375,0.013175123,0,0,1,0,1,0,0,0,0,1,0
0,1,0.225,0.022446505,0,1,0,0,1,0,0,0,0,0,1
0,1,0.2375,0.071731223,0,1,0,0.2,1,0,0,0,0,0,1
1,1,0.3375,0.015216388,0,0,1,0,1,0,0,0,0,0,1
0,0,0.1125,0.067095532,0,0,1,0.4,0,0,0,1,0,0,1
0,1,0.45625,0.05074862,0,1,0,0.2,1,0,0,0,0,0,1
0,1,0.525,0.02537431,0,1,0,0,1,0,0,0,0,0,1
0,1,0.6375,0.024447172,0,1,0,0,1,0,0,0,0,0,1
1,0,0.275,0.129994543,1,0,0,0.1,1,0,0,0,0,0,1
0,1,0.69375,0.015712554,0,0,1,0,1,0,0,0,0,0,1
0,1,0.50625,0.028302115,0,0,1,0.2,1,0,0,0,0,0,1
0,1,0.35,0.014273049,0,0,1,0,1,0,0,0,0,0,1
0,1,0.6375,0.11980422,1,0,0,0.1,1,0,0,0,1,0,0
1,0,0.2,0.015094396,0,0,1,0,0,0,0,1,0,1,0
0,1,0.375,0.015712554,0,0,1,0,1,0,0,0,0,0,1
0,1,0.35,0.016908074,0,0,1,0,1,0,0,0,0,0,1
0,1,0.35,0.135752559,0,0,1,1,0,0,1,0,0,0,1
0,1,0.55,0.031425107,0,0,1,0.1,1,0,0,0,0,0,1
1,0,0.5,0.030741953,0,1,0,0,1,0,0,0,0,0,1
0,1,0.325,0.015175789,0,0,1,0,1,0,0,0,0,0,1
0,1,0.2125,0.016908074,0,0,1,0,1,0,0,0,0,0,1
0,1,0.0125,0.077464841,0,0,1,0.5,0,0,1,0,0,0,1
1,1,0.1125,0.040062132,0,0,1,0.2,0,0,1,0,0,0,1
1,0,0.35,0.10735285,1,0,0,0.1,1,0,0,0,0,0,1
0,0,0.5625,0.054457173,0,0,1,0.5,1,0,0,0,0,0,1
0,1,0.35,0.05060223,1,0,0,0,1,0,0,0,0,0,1
0,1,0.35,0.110272458,0,0,1,0,1,0,0,0,0,0,1
0,1,0.7625,0.065387645,1,0,0,0,1,0,0,0,0,0,1
0,1,0.05,0.056848214,0,0,1,0.5,0,0,1,0,0,1,0
1,0,0.0125,0.021730754,0,0,1,0.2,0,0,0,1,0,0,1
0,1,0.2625,0.01546857,0,0,1,0,1,0,0,0,0,0,1
0,1,0.7,0.059914211,1,0,0,0,1,0,0,0,1,0,0
0,1,0.225,0.015330377,0,0,1,0.2,1,0,0,0,0,0,1
0,1,0.35,0.049707688,0,0,1,0.4,0,0,1,0,0,0,1
0,0,0.625,0.056043068,1,0,0,0,0,0,0,1,1,0,0
0,1,0.375,0.02537431,0,1,0,0,1,0,0,0,0,0,1
0,1,0.45,0,0,0,1,0,1,0,0,0,0,0,1
0,0,0.35,0.135752559,0,0,1,1,0,0,0,1,0,0,1
0,1,0.35,0.029375644,0,1,0,0,1,0,0,0,1,0,0
0,1,0.1125,0.06126432,0,0,1,0.6,0,0,1,0,0,0,1
1,1,0.0125,0.07612293,0,1,0,0.3,0,0,1,0,0,0,1
1,0,0.05,0.042989937,0,0,1,0.2,0,0,0,1,0,0,1
0,1,0.35,0.0975935,1,0,0,0,1,0,0,0,0,0,1
1,0,0.35,0.030253985,0,0,1,0.1,1,0,0,0,0,1,0
1,1,0.5625,0.051822149,1,0,0,0,1,0,0,0,0,0,1
0,1,0.5,0.030253985,0,0,1,0.2,1,0,0,0,0,1,0
0,1,0.45,0.015411575,0,0,1,0,1,0,0,0,0,0,1
1,0,0.4,0.02537431,0,1,0,0,1,0,0,0,0,0,1
0,1,0.2375,0.02537431,0,1,0,0,1,0,0,0,0,0,1
1,0,0.2375,0.015330377,0,0,1,0.1,0,0,0,1,0,0,1
1,1,0.0375,0.05074862,0,1,0,0.2,0,0,1,0,0,0,1
1,0,0.55,0.054107398,1,0,0,0,1,0,0,0,1,0,0
1,0,0.725,0.285989555,1,0,0,0,0,0,0,1,1,0,0
0,1,0.35,0.015126993,0,0,1,0,1,0,0,0,0,1,0
0,1,0.525,0.016403906,0,0,1,0.1,1,0,0,0,0,0,1
1,0,0.35,0.015126993,0,0,1,0,0,0,0,1,0,1,0
0,0,0.3,0.02537431,0,1,0,0,1,0,0,0,0,0,1
0,1,0.35,0.018542765,0,0,1,0,1,0,0,0,0,0,1
0,1,0.35,0.135752559,0,0,1,1,1,0,0,0,0,0,1
0,1,0.425,0.012678957,0,0,1,0,1,0,0,0,0,0,1
0,1,0.56875,0.014102261,0,0,1,0,1,0,0,0,1,0,0
1,1,0.225,0.015712554,0,0,1,0,1,0,0,0,0,0,1
0,0,0.025,0.02042144,0,0,1,0.1,0,0,0,1,0,0,1
0,1,0.4,0.03093714,0,0,1,0.1,1,0,0,0,0,0,1
1,1,0.325,0.036670758,0,0,1,0,1,0,0,0,1,0,0
1,0,0.2,0.015126993,0,0,1,0,0,0,0,1,0,1,0
1,1,0.5,0.06050797,1,0,0,0,1,0,0,0,1,0,0
0,1,0.3,0.013760684,0,0,1,0,1,0,0,0,0,0,1
1,0,0.4375,0.04098927,0,1,0,0,0,0,0,1,0,0,1
0,1,0.275,0.014151058,0,0,1,0,1,0,0,0,0,0,1
0,1,0.375,0.02537431,0,1,0,0,1,0,0,0,0,0,1
0,1,0.35,0.015126993,0,0,1,0.1,1,0,0,0,0,1,0
1,0,0.3875,0.221098075,1,0,0,0.1,0,0,0,1,1,0,0
1,0,0.3375,0.01546857,0,0,1,0,0,0,0,1,0,0,1
0,1,0.525,0.05270049,0,1,0,0.1,1,0,0,0,0,0,1
1,0,0.4,0.148911481,1,0,0,0,0,0,0,1,1,0,0
0,1,0.375,0.020494635,0,1,0,0,1,0,0,0,0,0,1
1,1,0.2,0.015712554,0,0,1,0,1,0,0,0,0,0,1
0,1,0.3375,0.02537431,0,1,0,0,1,0,0,0,0,0,1
0,1,0.6375,0.015712554,0,0,1,0,1,0,0,0,0,0,1
0,1,0.35,0.015411575,0,0,1,0,1,0,0,0,0,0,1
1,1,0.475,0.175668301,1,0,0,0.1,1,0,0,0,0,0,1
0,1,0.275,0.018249985,0,0,1,0,1,0,0,0,0,0,1
1,1,0.2375,0.020494635,0,1,0,0,1,0,0,0,0,0,1
0,1,0.25625,0.014151058,0,0,1,0,1,0,0,0,0,0,1
0,1,0.225,0.02537431,0,1,0,0,1,0,0,0,0,0,1
0,0,0.35,0.049707688,0,0,1,0.4,0,0,0,1,0,0,1
1,0,0.4375,0.162932349,1,0,0,0.1,1,0,0,0,0,0,1
0,1,0.3625,0.015175789,0,0,1,0,1,0,0,0,0,0,1
0,1,0.7375,0.026350245,0,1,0,0,1,0,0,0,0,0,1
1,0,0.0625,0.06126432,0,0,1,0.6,0,0,0,1,0,0,1
0,1,0.3,0.020494635,0,1,0,0,1,0,0,0,0,0,1
0,0,0.35,0.014736619,0,0,1,0,0,0,0,1,0,0,1
0,1,0.55,0.05074862,0,1,0,0.1,1,0,0,0,0,0,1
1,0,0.1,0.051236588,0,1,0,0.2,0,0,0,1,0,0,1
0,1,0.2375,0.020494635,0,1,0,0,1,0,0,0,0,0,1
0,1,0.4125,0.023959204,0,1,0,0,1,0,0,0,0,0,1
0,0,0.35,0.028212719,0,0,1,0.1,0,0,0,1,1,0,0
1,0,0.35,0.030253985,0,0,1,0.1,0,0,0,1,0,1,0
0,1,0.3625,0.020494635,0,1,0,0,1,0,0,0,0,0,1
0,1,0.275,0.013907074,0,0,1,0,1,0,0,0,0,0,1
0,1,0.375,0.014102261,0,0,1,0,1,0,0,0,1,0,0
0,1,0.55,0.175668301,1,0,0,0.2,1,0,0,0,0,1,0
0,0,0.3125,0.015175789,0,0,1,0,0,0,0,1,0,0,1
1,0,0.3,0.028302115,0,1,0,0.2,1,0,0,0,0,0,1
1,1,0.4625,0.102578967,1,0,0,0.2,1,0,0,0,0,0,1
0,1,0.675,0.05074862,0,1,0,0.1,1,0,0,0,0,0,1
0,1,0.35,0.014151058,0,0,1,0,1,0,0,0,0,0,1
0,0,0.3625,0.02042144,0,0,1,0.2,1,0,0,0,0,0,1
0,1,0.775,0.051822149,1,0,0,0,1,0,0,0,0,0,1
0,1,0.375,0.031425107,0,0,1,0.1,1,0,0,0,0,0,1
0,0,0.5125,0.039452173,0,0,1,0.2,1,0,0,0,0,0,1
1,0,0.3625,0.02975782,0,0,1,0.2,1,0,0,0,1,0,0
1,0,0.35,0.154588105,1,0,0,0,1,0,0,0,1,0,0
1,0,0.375,0.168836756,1,0,0,0,0,0,0,1,0,0,1
1,0,0.4375,1,1,0,0,0,0,0,0,1,1,0,0
1,0,0.625,0.05074862,0,1,0,0.1,1,0,0,0,0,0,1
0,1,0.35,0.015126993,0,0,1,0,1,0,0,0,0,1,0
1,1,0.0375,0.06126432,0,0,1,0.6,0,0,1,0,0,0,1
0,1,0.65,0.155466446,1,0,0,0.2,1,0,0,0,0,0,1
0,1,0.5,0,1,0,0,0,1,0,0,0,0,0,1
0,0,0.35,0.015126993,0,0,1,0,0,0,0,1,0,1,0
0,1,0.45,0.020494635,0,1,0,0,1,0,0,0,0,0,1
0,1,0.2,0.077464841,0,0,1,0.5,1,0,0,0,0,0,1
1,1,0.3125,0.015175789,0,0,1,0.1,1,0,0,0,0,0,1
1,0,0.725,0.299538851,1,0,0,0.1,1,0,0,0,0,0,1
1,0,0.4375,0.26473857,1,0,0,0,0,0,0,1,0,0,1
0,1,0.35,0.06050797,1,0,0,0,1,0,0,0,0,0,1
1,1,0.3125,0,0,0,1,0,1,0,0,0,0,0,1
1,0,0.5125,0.038061465,0,1,0,0.1,1,0,0,0,0,0,1
0,1,0.4625,0.057970539,1,0,0,0.1,1,0,0,0,1,0,0
1,0,0.35,0.015126993,0,0,1,0,0,0,0,1,0,1,0
1,0,0.7875,0.152164468,1,0,0,0.1,0,0,0,1,0,0,1
0,0,0.5625,0.015126993,0,0,1,0,0,0,0,1,0,0,1
0,1,0.35,0,0,1,0,0,1,0,0,0,0,0,1
0,1,0.0875,0.056848214,0,0,1,0.5,0,0,1,0,0,1,0
1,0,0.4375,0.039525368,0,0,1,0.2,1,0,0,0,0,0,1
0,1,0.8125,0.015126993,0,0,1,0,1,0,0,0,0,1,0
0,1,0.35,0.015330377,0,0,1,0,1,0,0,0,0,0,1
0,1,0.2,0.018542765,0,0,1,0,1,0,0,0,0,0,1
1,1,0.2375,0.015712554,0,0,1,0,1,0,0,0,0,0,1
0,1,0.35,0.05074862,1,0,0,0,1,0,0,0,0,0,1
0,1,0.4125,0.016908074,0,0,1,0,1,0,0,0,1,0,0
1,1,0.375,0.018542765,0,0,1,0,1,0,0,0,0,0,1
0,1,0.275,0.015411575,0,0,1,0,1,0,0,0,0,0,1
1,1,0.525,0.02537431,0,1,0,0,1,0,0,0,0,0,1
1,0,0.275,0.015126993,0,0,1,0,0,0,0,1,0,1,0
1,0,0.325,0.15390495,1,0,0,0,0,0,0,1,0,0,1
1,0,0.2375,0.177774759,1,0,0,0.1,1,0,0,0,1,0,0
0,1,0.45,0.025130326,0,1,0,0,1,0,0,0,1,0,0
0,0,0.3,0.01727405,0,0,1,0,0,0,0,1,0,0,1
0,1,0.3,0.015411575,0,0,1,0,1,0,0,0,0,0,1
0,1,0.35,0.054107398,1,0,0,0,1,0,0,0,1,0,0
0,1,0.29375,0.014110459,0,0,1,0,1,0,0,0,1,0,0
0,0,0.025,0.2958059,1,0,0,0.3,0,0,0,1,0,0,1
1,1,0.35,0.059532035,1,0,0,0,1,0,0,0,0,0,1
1,0,0.625,0.483128426,1,0,0,0.1,1,0,0,0,1,0,0
1,0,0.35,0.015126993,0,0,1,0,0,0,0,1,0,1,0
1,1,0.35,0.045380978,0,0,1,0.2,1,0,0,0,0,1,0
0,1,0.2375,0,0,0,1,0,1,0,0,0,0,0,1
1,0,0.35,0.024105595,0,1,0,0,0,0,0,1,0,1,0
0,1,0.35,0.015712554,0,0,1,0,1,0,0,0,0,0,1
1,1,0.0115,0.2958059,1,0,0,0.3,0,0,1,0,0,0,1
1,0,0.35,0.216429788,1,0,0,0,0,0,0,1,1,0,0
1,0,0.2125,0.212558644,1,0,0,0.1,1,0,0,0,1,0,0
0,1,0.375,0.04684488,0,1,0,0.1,1,0,0,0,1,0,0
1,0,0.375,0.111118398,1,0,0,0,0,0,0,1,1,0,0
1,0,0.3,0.162314192,1,0,0,0,0,0,0,1,1,0,0
1,0,0.225,0.512121894,1,0,0,0.4,0,0,0,1,1,0,0
0,0,0.325,0.05074862,0,1,0,0.2,1,0,0,0,0,0,1
0,1,0.35,0.015411575,0,0,1,0,1,0,0,0,0,0,1
0,1,0.5375,0.051236588,0,1,0,0.2,1,0,0,0,0,0,1
1,0,0.325,0.015330377,0,0,1,0,0,0,0,1,0,0,1
1,0,0.3,0.05074862,0,1,0,0.1,1,0,0,0,0,0,1
0,1,0.675,0.02732618,0,1,0,0,1,0,0,0,0,0,1
1,0,0.3875,0.321798367,1,0,0,0.2,0,0,0,1,0,0,1
1,0,0.5,0.262526516,1,0,0,0.2,1,0,0,0,1,0,0
0,1,0.275,0.014151058,0,0,1,0,1,0,0,0,0,0,1
0,1,0.3375,0.015411575,0,0,1,0,1,0,0,0,0,0,1
1,0,0.375,0.024105595,0,1,0,0,0,0,0,1,0,1,0
1,0,0.275,0.05660423,0,1,0,0.2,1,0,0,0,0,0,1
0,1,0.35,0.135752559,0,0,1,1,1,0,0,0,0,0,1
1,0,0.45,0.26473857,1,0,0,0,0,0,0,1,1,0,0
0,1,0.7625,0.012174789,0,0,1,0,1,0,0,0,0,0,1
1,0,0.45,0.02537431,0,1,0,0,1,0,0,0,0,0,1
1,0,0.3875,0.040062132,0,0,1,0.2,1,0,0,0,0,0,1
1,0,0.2,0.113167862,1,0,0,0.1,0,0,0,1,1,0,0
1,0,0.35,0.045380978,0,0,1,0.2,0,0,0,1,0,1,0
0,1,0.56875,0.055628295,1,0,0,0,1,0,0,0,0,0,1
0,1,0.475,0.299538851,1,0,0,0.1,1,0,0,0,0,0,1
0,1,0.2,0.03513366,0,0,1,0.2,1,0,0,0,0,0,1
1,0,0.35,0.260867427,1,0,0,0.1,1,0,0,0,0,0,1
0,1,0.35,0.015411575,0,0,1,0,1,0,0,0,0,0,1
0,1,0.3625,0.129994543,1,0,0,0.1,1,0,0,0,0,0,1
1,0,0.5125,0.262526516,1,0,0,0,0,0,0,1,1,0,0
1,1,0.5625,0.015712554,0,0,1,0,1,0,0,0,0,0,1
0,1,0.5625,0.069291385,1,0,0,0,1,0,0,0,0,0,1
1,1,0.025,0.05074862,0,1,0,0.2,0,0,1,0,0,0,1
1,0,0.3,0.513341812,1,0,0,0.5,0,0,0,1,0,0,1
0,1,0.35,0.02537431,0,1,0,0,1,0,0,0,0,0,1
0,1,0.3125,0.02537431,0,1,0,0,1,0,0,0,0,0,1
0,1,0.45,0.02537431,0,1,0,0,1,0,0,0,0,0,1
1,0,0.3,0.02537431,0,1,0,0,0,0,0,1,0,0,1
1,0,0.5,0.02537431,0,1,0,0,0,0,0,1,0,0,1
1,0,0.35,0.031425107,0,0,1,0.1,1,0,0,0,0,0,1
1,1,0.0375,0.031034733,0,0,1,0.2,0,0,1,0,0,0,1
0,1,0.525,0.016908074,0,0,1,0,1,0,0,0,0,0,1
0,1,0.2875,0.018006001,0,0,1,0,1,0,0,0,0,0,1
0,1,0.35,0.06831545,1,0,0,0,1,0,0,0,0,0,1
0,1,0.1875,0.014110459,0,0,1,0.2,1,0,0,0,1,0,0
0,1,0.3125,0.034743286,0,0,1,0.1,1,0,0,0,0,0,1
0,1,0.35,0.014102261,0,0,1,0,1,0,0,0,1,0,0
0,1,0.35,0.018542765,0,0,1,0,1,0,0,0,0,0,1
1,0,0.275,0.10735285,1,0,0,0.1,0,0,0,1,0,0,1
0,0,0.475,0.02537431,0,1,0,0,0,0,0,1,0,0,1
1,0,0.35,0.015379174,0,0,1,0,0,0,0,1,0,1,0
1,0,0.35,0.015379174,0,0,1,0,0,0,0,1,0,1,0
0,1,0.5,0.054457173,0,0,1,0.5,1,0,0,0,0,0,1
0,1,0.3625,0.054107398,0,1,0,0.1,1,0,0,0,1,0,0
0,0,0.5625,0.028212719,0,0,1,0.1,1,0,0,0,1,0,0
0,1,0.4375,0.013760684,0,0,1,0,1,0,0,0,0,0,1
0,1,0.35,0.030253985,0,0,1,0.1,1,0,0,0,0,1,0
0,1,0.375,0.014151058,0,0,1,0,1,0,0,0,0,0,1
1,0,0.75,0.146878218,1,0,0,0.1,1,0,0,0,1,0,0
1,0,0.35,0.014110459,0,0,1,0,1,0,0,0,1,0,0
1,0,0.35,0.015126993,0,0,1,0,0,0,0,1,0,1,0
1,0,0.3,0.135264592,1,0,0,0,0,1,0,0,1,0,0
1,1,0.3125,0.108214991,1,0,0,0.1,1,0,0,0,1,0,0
0,1,0.225,0.012678957,0,0,1,0.1,1,0,0,0,0,0,1
0,1,0.2375,0.015712554,0,0,1,0,1,0,0,0,0,0,1
0,1,0.275,0.26473857,1,0,0,0,1,0,0,0,1,0,0
0,0,0.0375,0.04113566,0,0,1,0.4,0,0,0,1,0,0,1
1,0,0.35,0.16038672,1,0,0,0.1,1,0,0,0,1,0,0
1,0,0.275,0.014151058,0,0,1,0,0,0,0,1,0,0,1
0,1,0.3375,0.412820507,1,0,0,0.2,1,0,0,0,1,0,0
0,1,0.25,0.007831878,0,0,1,0,1,0,0,0,1,0,0
0,1,0.2375,0.015175789,0,0,1,0,1,0,0,0,0,0,1
1,0,0.525,0.444099224,1,0,0,0,0,0,0,1,1,0,0
1,0,0.0125,0.030725752,0,0,1,0.2,0,0,0,1,1,0,0
0,1,0.4,0.01546857,0,0,1,0,1,0,0,0,0,0,1
1,0,0.4375,0.10149724,1,0,0,0.1,1,0,0,0,0,0,1
0,1,0.35,0.015411575,0,0,1,0,1,0,0,0,0,0,1
0,1,0.225,0.143462446,0,1,0,0,1,0,0,0,0,0,1
0,1,0.0125,0.091542703,0,0,1,0.7,0,0,1,0,0,0,1
1,0,0.45,0.02537431,0,1,0,0,0,0,0,1,0,0,1
0,1,0.35,0.015086394,0,0,1,0,1,0,0,0,0,1,0
1,0,0.2125,0.02342244,0,1,0,0,0,0,0,1,1,0,0
1,1,0.45,0.234224401,1,0,0,0.3,1,0,0,0,0,0,1
1,1,0.2625,0.015216388,0,0,1,0,1,0,0,0,0,0,1
0,1,0.35,0.01546857,0,0,1,0.2,1,0,0,0,0,0,1
1,0,0.2875,0.221098075,1,0,0,0.1,0,0,0,1,1,0,0
1,0,0.3,0.032596229,0,0,1,0.2,1,0,0,0,0,0,1
0,1,0.275,0.015216388,0,0,1,0,1,0,0,0,0,0,1
0,0,0.3875,0.015330377,0,0,1,0,0,0,0,1,0,0,1
0,1,0.575,0.05074862,0,1,0,0,1,0,0,0,0,0,1
0,1,0.2875,0.020494635,0,1,0,0,1,0,0,0,0,0,1
1,0,0.35,0.024691156,0,1,0,0,1,0,0,0,0,0,1
1,1,0.4875,0.01546857,0,0,1,0,1,0,0,0,0,0,1
0,1,0.325,0.015712554,0,0,1,0,1,0,0,0,0,0,1
0,0,0.2625,0.019177123,0,0,1,0.1,0,0,0,1,0,0,1
0,1,0.35,0.03093714,0,0,1,0.1,1,0,0,0,0,0,1
0,0,0.25,0.016908074,0,0,1,0,0,0,0,1,0,0,1
0,1,0.425,0.04098927,0,1,0,0.1,1,0,0,0,0,0,1
0,1,0.6375,0.015126993,0,0,1,0,1,0,0,0,0,0,1
1,1,0.0375,0.036597563,0,1,0,0.2,0,0,1,0,0,0,1
0,1,0.2625,0.015175789,0,0,1,0,1,0,0,0,0,0,1
0,0,0.35,0.049707688,0,0,1,0.4,0,0,0,1,0,0,1
0,1,0.35,0.015411575,0,0,1,0,1,0,0,0,0,0,1
0,1,0.35,0.01338651,0,0,1,0,1,0,0,0,0,1,0
1,0,0.4125,0.175668301,1,0,0,0.1,0,0,0,1,0,1,0
0,1,0.35,0,0,1,0,0,1,0,0,0,0,0,1
1,1,0.55,0.01546857,0,0,1,0,1,0,0,0,0,0,1
0,0,0.35,0.015712554,0,0,1,0,1,0,0,0,0,0,1
1,0,0.425,0.063435775,0,1,0,0.2,1,0,0,0,0,0,1
1,0,0.225,0.02537431,0,1,0,0.2,0,0,0,1,0,0,1
0,1,0.375,0.02537431,0,1,0,0,1,0,0,0,0,0,1
0,0,0.125,0.047137661,0,0,1,0.2,0,0,0,1,0,0,1
0,1,0.35,0.015411575,0,0,1,0,1,0,0,0,1,0,0
0,1,0.2625,0.015094396,0,0,1,0,1,0,0,0,0,1,0
0,1,0.3625,0.015370976,0,0,1,0,1,0,0,0,0,0,1
0,0,0.35,0.028106928,0,0,1,0.2,1,0,0,0,0,0,1
0,1,0.225,0.039452173,0,0,1,0.2,1,0,0,0,0,0,1
0,1,0.35,0.014151058,0,0,1,0,1,0,0,0,0,0,1
1,0,0.35,0.05074862,0,1,0,0.1,1,0,0,0,0,0,1
1,0,0.2375,0.05074862,0,1,0,0,1,0,0,0,0,0,1
0,1,0.35,0.015126993,0,0,1,0,1,0,0,0,0,1,0
1,1,0.4,0.015712554,0,0,1,0,1,0,0,0,0,0,1
1,1,0.35,0.051822149,1,0,0,0,1,0,0,0,0,0,1
1,0,0.35,0.031425107,0,0,1,0.1,1,0,0,0,0,0,1
1,0,0.525,0.05074862,0,1,0,0.1,1,0,0,0,0,0,1
0,1,0.2125,0.013907074,0,0,1,0,1,0,0,0,0,0,1
0,1,0.625,0.109109533,1,0,0,0.1,1,0,0,0,0,0,1
1,0,0.175,0.234224401,1,0,0,0.3,0,0,0,1,0,0,1
0,0,0.2625,0.067095532,0,0,1,0.4,0,0,0,1,0,0,1
1,0,0.3,0.036597563,0,1,0,0.5,1,0,0,0,0,0,1
0,1,0.8,0.513341812,1,0,0,0.5,1,0,0,0,0,0,1
0,1,0.3875,0.020494635,0,1,0,0,1,0,0,0,0,0,1
1,0,0.5625,0.051236588,0,1,0,0.2,1,0,0,0,0,0,1
0,1,0.25,0.018542765,0,0,1,0,1,0,0,0,0,0,1
0,1,0.3125,0.015175789,0,0,1,0.1,1,0,0,0,0,0,1
1,0,0.35,0.02537431,0,1,0,0,0,1,0,0,0,0,1
1,1,0.35,0.015834545,0,0,1,0,1,0,0,0,0,0,1
1,1,0.05,0.159776761,1,0,0,0.2,0,0,1,0,0,0,1
1,0,0.1625,0.038061465,0,1,0,0.1,0,0,0,1,0,0,1
1,1,0.425,0.051822149,1,0,0,0,1,0,0,0,0,0,1
1,0,0.0625,0.037589698,0,0,1,0.3,0,0,0,1,1,0,0
1,1,0.65,0.059532035,1,0,0,0,1,0,0,0,0,0,1
0,1,0.45,0.054164393,0,1,0,0.3,1,0,0,0,0,0,1
0,1,0.35,0.038972403,0,0,1,0.1,1,0,0,0,0,0,1
0,1,0.375,0.054164393,1,0,0,0,1,0,0,0,1,0,0
1,1,0.6125,0.173919816,1,0,0,0.1,1,0,0,0,1,0,0
0,1,0.35,0.015712554,0,0,1,0,1,0,0,0,0,0,1
1,1,0.3625,0.015411575,0,0,1,0,1,0,0,0,1,0,0
0,1,0.8125,0.051822149,1,0,0,0,1,0,0,0,0,0,1
1,0,0.35,0.101228858,1,0,0,0.1,1,0,0,0,0,0,1
1,0,0.625,0.020494635,0,1,0,0,0,0,0,1,0,0,1
0,1,0.35,0.015126993,0,0,1,0,1,0,0,0,0,1,0
1,1,0.6,0.051822149,1,0,0,0,1,0,0,0,0,0,1
0,1,0.425,0.015712554,0,0,1,0,1,0,0,0,0,0,1
0,1,0.5875,0.075146995,1,0,0,0,1,0,0,0,0,0,1
0,1,0.6,0.02537431,0,1,0,0,1,0,0,0,0,0,1
0,1,0.35,0.015712554,0,0,1,0,1,0,0,0,0,0,1
0,1,0.475,0.013760684,0,0,1,0,1,0,0,0,0,0,1
0,1,0.35,0,0,1,0,0,1,0,0,0,0,0,1
0,1,0.7,0.051822149,1,0,0,0,1,0,0,0,0,0,1
0,1,0.35,0.015078196,0,0,1,0,1,0,0,0,0,1,0
1,0,0.009375,0.037589698,0,0,1,0.3,0,0,0,1,1,0,0
0,1,0.35,0.014151058,0,0,1,0,1,0,0,0,0,0,1
0,1,0.475,0.016908074,0,0,1,0,1,0,0,0,0,0,1
1,0,0.4125,0.054164393,0,1,0,0.3,1,0,0,0,0,0,1
1,0,0.2875,0.026919606,0,1,0,0,1,0,0,0,1,0,0
0,0,0.275,0.019201521,0,0,1,0,0,0,0,1,0,0,1
0,1,0.35,0.10149724,1,0,0,0,1,0,0,0,0,0,1
0,1,0.425,0.04098927,0,1,0,0.1,1,0,0,0,0,0,1
0,1,0.3625,0.013752486,0,0,1,0.1,1,0,0,0,0,0,1
0,1,0.275,0.014679624,0,0,1,0,1,0,0,0,0,0,1
1,0,0.025,0.023983603,0,0,1,0.1,0,0,0,1,0,0,1
0,1,0.1125,0.091542703,0,0,1,0.7,0,0,1,0,0,0,1
0,1,0.35,0,0,1,0,0,1,0,0,0,0,0,1
0,1,0.625,0.015712554,0,0,1,0,1,0,0,0,0,0,1
1,0,0.7875,0.018713554,0,0,1,0,1,0,0,0,0,0,1
1,1,0.3125,0.177774759,1,0,0,0.1,1,0,0,0,1,0,0
0,0,0.35,0.049707688,0,0,1,0.4,0,0,0,1,0,0,1
1,0,0.4375,0.175668301,1,0,0,0.1,1,0,0,0,0,0,1
0,1,0.725,0.057970539,1,0,0,0,1,0,0,0,1,0,0
0,1,0.375,0.015712554,0,0,1,0,1,0,0,0,0,0,1
1,1,0.1125,0.031034733,0,0,1,0.2,0,0,1,0,0,0,1
0,1,0.35,0.038972403,0,0,1,0.1,1,0,0,0,0,0,1
0,1,0.2625,0.014151058,0,0,1,0,1,0,0,0,0,0,1
0,1,0.6875,0.059532035,1,0,0,0,1,0,0,0,0,0,1
0,1,0.8875,0.096625763,1,0,0,0,1,0,0,0,1,0,0
0,1,0.2625,0.015712554,0,0,1,0,1,0,0,0,0,0,1
0,1,0.35,0.028220722,0,0,1,0,1,0,0,0,1,0,0
1,0,0.675,0.152766424,1,0,0,0.1,0,0,0,1,1,0,0
0,1,0.35,0.029473237,0,0,1,0,1,0,0,0,0,0,1
0,0,0.3125,0.2958059,1,0,0,0.3,1,0,0,0,0,0,1
0,1,0.3,0.015216388,0,0,1,0,1,0,0,0,0,0,1
0,1,0.2125,0.016908074,0,0,1,0,1,0,0,0,0,0,1
0,0,0.2625,0.015126993,0,0,1,0,0,0,0,1,0,1,0
0,0,0.35,0.014891207,0,0,1,0,0,0,0,1,0,1,0
0,0,0.4625,0.018713554,0,0,1,0,0,0,0,1,0,0,1
1,0,0.2,0.168836756,1,0,0,0,0,0,0,1,0,0,1
0,1,0.225,0.212558644,1,0,0,0.1,1,0,0,0,1,0,0
1,0,0.4125,0.05074862,0,1,0,0.2,1,0,0,0,0,0,1
1,1,0.35,0.051822149,1,0,0,0,1,0,0,0,0,0,1
0,1,0.35,0.043965872,0,0,1,0,1,0,0,0,0,0,1
1,1,0.325,0.110272458,0,0,1,0,1,0,0,0,0,0,1
1,1,0.3625,0.015126993,0,0,1,0,1,0,0,0,0,1,0
0,1,0.35,0.015712554,0,0,1,0,1,0,0,0,0,0,1
1,1,0.45,0.051309783,1,0,0,0,1,0,0,0,0,0,1
1,0,0.675,0.115941079,1,0,0,0.1,1,0,0,0,1,0,0
0,1,0.3,0.014630827,0,0,1,0,1,0,0,0,0,0,1
0,1,0.5875,0.066404179,1,0,0,0,1,0,0,0,0,0,1
1,0,0.425,0.020494635,0,1,0,0,1,0,0,0,0,0,1
0,1,0.35,0.047137661,0,0,1,0,1,0,0,0,0,1,0
1,0,0.45,0.05074862,0,1,0,0.1,1,0,0,0,0,0,1
0,1,0.4,0.015411575,0,0,1,0,1,0,0,0,0,0,1
1,0,0.375,0.182499846,1,0,0,0,0,0,0,1,0,0,1
0,1,0.275,0.015411575,0,0,1,0,1,0,0,0,0,0,1
0,1,0.35,0.014102261,0,0,1,0,1,0,0,0,1,0,0
1,0,0.55,0.113167862,1,0,0,0.1,1,0,0,0,1,0,0
0,1,0.35,0.014110459,0,0,1,0,1,0,0,0,1,0,0
0,1,0.50625,0.015126993,0,0,1,0,1,0,0,0,0,1,0
1,0,0.625,0.020494635,0,1,0,0,0,0,0,1,0,0,1
0,1,0.35,0.432884169,1,0,0,0,1,0,0,0,0,0,1
0,1,0.4875,0.01546857,0,0,1,0,1,0,0,0,0,0,1
0,1,0.2875,0.022446505,0,1,0,0.3,1,0,0,0,0,0,1
1,0,0.025,0.05074862,0,1,0,0.2,0,0,0,1,0,0,1
0,1,0.35,0.014110459,0,0,1,0,1,0,0,0,1,0,0
0,1,0.2125,0.014110459,0,0,1,0.2,1,0,0,0,1,0,0
1,0,0.35,0.043640495,0,0,1,0.2,1,0,0,0,1,0,0
0,0,0.375,0.016908074,0,0,1,0,0,0,0,1,0,0,1
1,0,0.0875,0.051236588,0,1,0,0.2,0,0,0,1,0,0,1
0,1,0.5625,0.051822149,1,0,0,0,1,0,0,0,0,0,1
1,0,0.375,0.207727766,1,0,0,0,0,0,0,1,1,0,0
0,1,0.35,0.028302115,0,0,1,0,1,0,0,0,0,0,1
1,0,0.275,0.096617565,1,0,0,0.2,0,0,0,1,1,0,0
1,0,0.45,0.138582771,1,0,0,0.2,0,0,0,1,0,0,1
0,0,0.1125,0.061044735,0,0,1,0.6,0,0,0,1,0,0,1
0,0,0.1375,0.061044735,0,0,1,0.6,0,0,0,1,0,0,1
1,1,0.4,0.05074862,0,1,0,0.1,1,0,0,0,0,0,1
0,1,0.625,0.207727766,1,0,0,0.1,1,0,0,0,1,0,0
0,1,0.8,0.05074862,1,0,0,0,1,0,0,0,0,0,1
1,0,0.2375,0.05074862,0,1,0,0.1,1,0,0,0,0,0,1
1,1,0.35,0.027057798,0,1,0,0,1,0,0,0,1,0,0
0,1,0.4125,0.040062132,0,0,1,0.2,1,0,0,0,0,0,1
1,1,0.1,0.071731223,0,1,0,0.2,0,0,1,0,0,0,1
1,1,0.2125,0.216429788,1,0,0,0.2,1,0,0,0,1,0,0
0,1,0.3375,0.05074862,0,1,0,0,1,0,0,0,0,0,1
0,1,0.35,0.015281581,0,0,1,0,1,0,0,0,0,1,0
1,1,0.275,0.014102261,0,0,1,0,1,0,0,0,1,0,0
1,0,0.275,0.015175789,0,0,1,0,0,0,0,1,0,0,1
0,1,0.775,0.051822149,1,0,0,0,1,0,0,0,0,0,1
1,0,0.6,0.077294052,1,0,0,0.1,1,0,0,0,1,0,0
0,1,0.35,0.444099224,1,0,0,0,1,0,0,0,1,0,0
1,0,0.4875,0.155466446,1,0,0,0.2,1,0,0,0,0,0,1
1,0,0.45,0.033962538,0,0,1,0.1,1,0,0,0,0,0,1
0,1,0.35,0.015126993,0,0,1,0,1,0,0,0,0,1,0
0,1,0.5,0.015411575,0,0,1,0,1,0,0,0,0,0,1
0,1,0.35,0.026350245,0,1,0,0,1,0,0,0,0,0,1
0,1,0.35,0.015712554,0,0,1,0,1,0,0,0,0,0,1
0,0,0.35,0.015712554,0,0,1,0,0,0,0,1,0,0,1
0,1,0.3,0.047137661,0,0,1,0.2,1,0,0,0,0,0,1
0,1,0.2375,0.015411575,0,0,1,0,1,0,0,0,0,0,1
0,0,0.3625,0.04113566,0,0,1,0.4,1,0,0,0,0,0,1
0,1,0.35,0.014110459,0,0,1,0,1,0,0,0,1,0,0
1,1,0.4,0.015330377,0,0,1,0,1,0,0,0,0,0,1
1,1,0.775,0.020494635,0,1,0,0,1,0,0,0,0,0,1
1,0,0.6625,0.100480707,1,0,0,0.2,1,0,0,0,0,0,1
1,1,0.45,0.05150497,1,0,0,0,1,0,0,0,0,0,1
1,0,0.35,0.015126993,0,0,1,0,0,0,0,1,0,1,0
0,1,0.2,0.015712554,0,0,1,0,1,0,0,0,0,0,1
0,1,0.2375,0.028302115,0,0,1,0,1,0,0,0,0,0,1
1,0,0.425,0.02537431,0,1,0,0,0,0,0,1,0,0,1
1,0,0.4875,0.109109533,1,0,0,0.1,1,0,0,0,0,0,1
0,0,0.35,0.028220722,0,0,1,0.1,1,0,0,0,1,0,0
1,1,0.4,0.01546857,0,0,1,0,1,0,0,0,0,0,1
1,0,0.3125,0.0585561,0,1,0,0.2,0,0,0,1,0,0,1
1,0,0.4875,0.216429788,1,0,0,0.2,1,0,0,0,1,0,0
0,1,0.675,0.05074862,0,1,0,0,1,0,0,0,0,0,1
0,1,0.45,0.078318784,1,0,0,0,1,0,0,0,1,0,0
0,1,0.35,0.017005667,0,0,1,0,1,0,0,0,1,0,0
1,0,0.225,0.155466446,1,0,0,0.2,0,0,0,1,0,0,1
0,1,0.5875,0.02927805,0,1,0,0,1,0,0,0,0,0,1
1,1,0.75,0.154588105,1,0,0,0.2,1,0,0,0,1,0,0
0,1,0.275,0.015712554,0,0,1,0,1,0,0,0,0,0,1
0,1,0.35,0.015712554,0,0,1,0,1,0,0,0,0,0,1
0,1,0.4375,0.013907074,0,0,1,0,1,0,0,0,0,0,1
1,0,0.65,0.152766424,1,0,0,0.1,1,0,0,0,1,0,0
0,1,0.5875,0.014151058,0,0,1,0,1,0,0,0,0,0,1
0,0,0.35,0.015126993,0,0,1,0.2,0,0,0,1,0,1,0
0,1,0.4625,0.05074862,0,1,0,0.1,1,0,0,0,0,0,1
0,1,0.45,0.047137661,0,0,1,0.2,1,0,0,0,0,0,1
1,0,0.35,0.06441171,0,1,0,0,0,0,0,1,0,0,1
0,1,0.6125,0,0,0,1,0,1,0,0,0,0,0,1
0,1,0.35,0.014102261,0,0,1,0,1,0,0,0,1,0,0
1,1,0.6125,0.111118398,1,0,0,0.1,1,0,0,0,1,0,0
1,0,0.3,0.05270049,0,1,0,0.3,1,0,0,0,0,0,1
0,1,0.35,0.015411575,0,0,1,0,1,0,0,0,0,0,1
0,1,0.35,0.082759288,1,0,0,0,1,0,0,0,0,0,1
0,1,0.55,0.015712554,0,0,1,0,1,0,0,0,0,0,1
1,1,0.4375,0.051822149,1,0,0,0,1,0,0,0,1,0,0
0,1,0.45,0.030351579,0,0,1,0.1,1,0,0,0,0,0,1
0,1,0.375,0.015411575,0,0,1,0,1,0,0,0,0,0,1
1,1,0.3375,0.059532035,1,0,0,0,1,0,0,0,0,0,1
1,0,0.275,0.081157193,0,1,0,0.3,1,0,0,0,1,0,0
1,0,0.5,0.299538851,1,0,0,0,0,0,0,1,0,0,1
0,0,0.4875,0.061044735,0,0,1,0.6,1,0,0,0,0,0,1
0,1,0.35,0.013760684,0,0,1,0,1,0,0,0,0,0,1
1,0,0.35,0.030253985,0,0,1,0.1,0,0,0,1,0,1,0
0,1,0.35,0.015126993,0,0,1,0,1,0,0,0,0,1,0
0,1,0.4375,0.015712554,0,0,1,0,1,0,0,0,0,0,1
1,0,0.3,0.126871551,0,1,0,0.3,0,0,0,1,0,0,1
0,1,0.425,0.028106928,0,0,1,0.2,1,0,0,0,0,0,1
0,0,0.325,0.031425107,0,0,1,0.1,1,0,0,0,0,0,1
1,0,0.05,0.07612293,0,1,0,0.3,0,0,0,1,0,0,1
0,1,0.325,0.020494635,0,1,0,0,1,0,0,0,0,0,1
0,1,0.3375,0.028212719,0,0,1,0.1,1,0,0,0,1,0,0
1,1,0.525,0.102578967,1,0,0,0.1,1,0,0,0,0,0,1
1,1,0.25,0.030725752,0,0,1,0.2,1,0,0,0,1,0,0
0,1,0.2625,0.015330377,0,0,1,0,1,0,0,0,0,0,1
0,1,0.2625,0.031425107,0,0,1,0,1,0,0,0,0,0,1
0,1,0.7625,0.063086,1,0,0,0,1,0,0,0,0,0,1
0,1,0.7125,0.024105595,0,1,0,0,1,0,0,0,0,1,0
1,0,0.2625,0.152164468,1,0,0,0,0,0,0,1,0,0,1
0,1,0.325,0.015411575,0,0,1,0,1,0,0,0,0,0,1
0,1,0.35,0.015094396,0,0,1,0,1,0,0,0,0,1,0
1,1,1,0.0585561,1,0,0,0,1,0,0,0,0,0,1
0,1,0.6375,0.013768881,0,0,1,0,1,0,0,0,0,0,1
1,1,0.4,0.059532035,1,0,0,0,1,0,0,0,1,0,0
0,1,0.35,0,1,0,0,0,1,0,0,0,0,0,1
0,0,0.1125,0.054457173,0,0,1,0.5,0,0,0,1,0,0,1
1,0,0.35,0.02537431,0,1,0,0,0,0,0,1,0,0,1
0,1,0.4,0.01546857,0,0,1,0,1,0,0,0,0,0,1
0,1,0.3875,0.051236588,0,1,0,0.2,1,0,0,0,0,0,1
0,0,0.5125,0.077464841,0,0,1,0.5,1,0,0,0,0,0,1
0,1,0.35,0.031425107,0,0,1,0.1,1,0,0,0,0,0,1
0,1,0.25,0.015330377,0,0,1,0,1,0,0,0,0,0,1
1,0,0.3,0.135264592,1,0,0,0,0,1,0,0,1,0,0
0,0,0.025,0.054457173,0,0,1,0.5,0,0,0,1,0,0,1
1,1,0.35,0.110272458,0,0,1,0,1,0,0,0,0,0,1
1,0,0.009375,0.037589698,0,0,1,0.3,0,0,0,1,1,0,0
1,1,0.6,0.149765424,1,0,0,0.1,1,0,0,0,1,0,0
0,1,0.2375,0.015411575,0,0,1,0,1,0,0,0,0,0,1
1,1,0.7,0.069291385,1,0,0,0,1,0,0,0,1,0,0
0,1,0.35,0.014736619,0,0,1,0,1,0,0,0,0,0,1
1,0,0.2875,0.014736619,0,0,1,0,0,0,0,1,0,0,1
0,1,0.35,0.015411575,0,0,1,0,1,0,0,0,0,0,1
1,0,0.225,0.04489301,0,1,0,0.1,0,0,0,1,0,0,1
0,1,0.2625,0.016460705,0,0,1,0,1,0,0,0,0,0,1
1,0,0.35,0.015281581,0,0,1,0,0,0,0,1,0,1,0
0,0,0.225,0.013175123,0,0,1,0,0,0,0,1,0,1,0
0,1,0.3,0.143462446,0,1,0,0.2,1,0,0,0,0,0,1
0,1,0.35,0.015411575,0,0,1,0,1,0,0,0,0,0,1
0,0,0.4,0.030253985,0,0,1,0.2,1,0,0,0,0,1,0
0,1,0.2875,0.02537431,0,1,0,0,1,0,0,0,0,0,1
0,1,0.725,0.221098075,1,0,0,0.2,1,0,0,0,1,0,0
1,1,0.625,0.260867427,1,0,0,0.2,1,0,0,0,0,0,1
0,1,0.5,0.014102261,0,0,1,0,1,0,0,0,1,0,0
0,1,0.5875,0.049943474,1,0,0,0,1,0,0,0,0,0,1
0,1,0.45,0.014630827,0,0,1,0,1,0,0,0,0,0,1
1,1,0.25,0.01546857,0,0,1,0.1,1,0,0,0,0,0,1
0,1,0.4,0.143462446,0,1,0,0.2,1,0,0,0,0,0,1
0,1,0.3125,0.02537431,0,1,0,0,1,0,0,0,0,0,1
0,1,0.35,0.015175789,0,0,1,0,1,0,0,0,0,0,1
0,1,0.5375,0.015712554,0,0,1,0,1,0,0,0,0,0,1
1,0,0.35,0.10149724,1,0,0,0.1,1,0,0,0,0,0,1
1,0,0.5,0.07612293,0,1,0,0.2,1,0,0,0,0,0,1
0,1,0.3875,0.10149724,1,0,0,0.1,1,0,0,0,0,0,1
0,1,0.875,0.020494635,0,1,0,0,1,0,0,0,0,0,1
1,1,0.3875,0.02537431,0,1,0,0,1,0,0,0,0,0,1
0,1,0.35,0,0,1,0,0,1,0,0,0,0,0,1
0,1,0.225,0.015175789,0,0,1,0,1,0,0,0,0,0,1
0,1,0.30625,0.015712554,0,0,1,0,1,0,0,0,0,0,1
1,0,0.225,0.019209719,0,0,1,0,0,0,0,1,0,0,1
0,0,0.5375,0.091542703,0,0,1,0.7,1,0,0,0,0,0,1
1,1,0.45,1,1,0,0,0.1,1,0,0,0,1,0,0
0,0,0.35,0.015883342,0,0,1,0,0,0,0,1,0,1,0
1,1,0.3375,0.149765424,1,0,0,0,1,0,0,0,1,0,0
0,1,0.25,0.018006001,0,0,1,0,1,0,0,0,0,0,1
0,1,0.175,0.091542703,0,0,1,0.7,1,0,0,0,0,0,1
0,1,0.75,0.07612293,0,1,0,0.2,1,0,0,0,0,0,1
0,1,0.3125,0.081157193,0,1,0,0.3,1,0,0,0,1,0,0
0,1,0.175,0.077464841,0,0,1,0.5,1,0,0,0,0,0,1
0,1,0.2375,0.019852079,0,0,1,0,1,0,0,0,0,0,1
0,1,0.225,0.015216388,0,0,1,0,1,0,0,0,0,0,1
1,0,0.1875,0.412503328,1,0,0,0.1,0,0,0,1,0,0,1
1,1,0.3875,0.11125659,1,0,0,0.1,1,0,0,0,0,0,1
1,0,0.05,0.026187654,0,0,1,0.1,0,0,0,1,1,0,0
1,1,0.35,0.110272458,0,0,1,0,1,0,0,0,0,0,1
0,1,0.3125,0.014102261,0,0,1,0,1,0,0,0,1,0,0
0,1,0.75,0.051822149,1,0,0,0,1,0,0,0,0,0,1
0,1,0.65,0.026350245,0,1,0,0,1,0,0,0,0,0,1
0,1,0.55,0.015712554,0,0,1,0,1,0,0,0,0,0,1
1,0,0.35,0.015094396,0,0,1,0,0,0,0,1,0,1,0
0,1,0.6125,0.216429788,1,0,0,0.2,1,0,0,0,1,0,0
0,1,0.525,0.014931806,0,0,1,0,1,0,0,0,0,0,1
1,0,0.225,0.444099224,1,0,0,0.1,1,0,0,0,1,0,0
1,1,0.4375,0.051309783,1,0,0,0,1,0,0,0,0,0,1
0,0,0.225,0.028212719,0,0,1,0.1,0,0,0,1,1,0,0
0,1,0.3125,0.015110792,0,0,1,0,1,0,0,0,0,1,0
0,1,0.325,0.015330377,0,0,1,0.1,1,0,0,0,0,0,1
0,1,0.4875,0.05074862,0,1,0,0,1,0,0,0,0,0,1
1,0,0.5625,0.026350245,0,1,0,0,1,0,0,0,0,0,1
1,1,0.525,0.051309783,1,0,0,0,1,0,0,0,0,0,1
1,0,0.275,0.2958059,1,0,0,0,0,0,0,1,0,0,1
1,1,0.35,0.02975782,0,0,1,0.2,0,0,1,0,1,0,0
1,0,0.3,0.096625763,1,0,0,0,1,0,0,0,1,0,0
0,1,0.35,0.051822149,1,0,0,0,1,0,0,0,0,0,1
1,1,0.6,0.10149724,1,0,0,0.1,1,0,0,0,0,0,1
0,1,0.3625,0.018510169,0,0,1,0,1,0,0,0,0,0,1
0,1,0.65,0.02537431,0,1,0,0,1,0,0,0,0,0,1
0,1,0.2375,0.014931806,0,0,1,0,1,0,0,0,0,0,1
1,0,0.475,0.444099224,1,0,0,0,0,0,0,1,1,0,0
1,0,0.3375,0.020494635,0,1,0,0,0,0,0,1,0,0,1
0,1,0.35,0.030253985,0,0,1,0,1,0,0,0,0,1,0
0,1,0.4125,0.015175789,0,0,1,0,1,0,0,0,0,0,1
1,0,0.075,0.06441171,0,1,0,0.1,0,0,0,1,0,0,1
0,1,0.2125,0.013768881,0,0,1,0.1,1,0,0,0,0,0,1
0,1,0.425,0.02537431,0,1,0,0,1,0,0,0,0,0,1
0,1,0.625,0.02537431,0,1,0,0,1,0,0,0,0,0,1
1,1,0.3375,0.103644297,1,0,0,0.1,1,0,0,0,0,0,1
0,1,0.25,0.016908074,0,0,1,0,1,0,0,0,0,0,1
1,0,0.375,0.04098927,0,1,0,0.3,1,0,0,0,0,0,1
1,0,0.35,0.015102594,0,0,1,0,0,0,0,1,0,1,0
0,1,0.3125,0.05074862,0,1,0,0.1,1,0,0,0,0,0,1
0,0,0.3125,0.01546857,0,0,1,0.1,0,0,0,1,0,0,1
1,0,0.3625,0.412503328,1,0,0,0,0,0,0,1,0,0,1
0,1,0.1375,0.036670758,0,0,1,0,1,0,0,0,1,0,0
0,1,0.35,0,0,1,0,0,1,0,0,0,0,0,1
0,1,0.2875,0.02537431,0,1,0,0,1,0,0,0,0,0,1
0,1,0.2875,0.02537431,0,1,0,0,1,0,0,0,0,0,1
0,1,0.35625,0.031425107,0,0,1,0,1,0,0,0,0,0,1
0,0,0.6,0.067095532,0,0,1,0.4,1,0,0,0,0,0,1
1,1,0.4375,1,1,0,0,0,1,0,0,0,1,0,0
0,1,0.35,0.015411575,0,0,1,0,1,0,0,0,0,0,1
0,1,0.35,0.015411575,0,0,1,0,1,0,0,0,0,0,1
1,1,0.35,0.0585561,1,0,0,0,1,0,0,0,0,0,1
0,1,0.45,0.15390495,1,0,0,0.1,1,0,0,0,0,0,1
1,0,0.2625,0.512121894,1,0,0,0.4,0,0,0,1,1,0,0
0,1,0.3,0.031425107,0,0,1,0.1,1,0,0,0,0,0,1
1,1,0.3875,0.01546857,0,0,1,0,1,0,0,0,0,0,1
0,1,0.875,0.138582771,1,0,0,0.2,1,0,0,0,0,0,1
0,1,0.2,0.039525368,0,0,1,0.2,1,0,0,0,0,0,1
1,0,0.375,0.02537431,0,1,0,0,0,0,0,1,0,0,1
0,1,0.2375,0.103644297,1,0,0,0.1,1,0,0,0,0,0,1
0,1,0.3875,0.015126993,0,0,1,0,1,0,0,0,0,1,0
1,0,0.05,0.04489301,0,1,0,0.2,0,0,0,1,0,0,1
1,1,0.075,0.024349578,0,0,1,0.1,0,0,1,0,0,0,1
0,1,0.4125,0.018542765,0,0,1,0,1,0,0,0,0,0,1
0,1,0.2875,0.015411575,0,0,1,0,1,0,0,0,0,0,1
1,0,0.6,0.126871551,0,1,0,0.3,1,0,0,0,0,0,1
1,1,0.008375,0.028302115,0,1,0,0.2,0,0,1,0,0,0,1
0,1,0.35,0.015216388,0,0,1,0,1,0,0,0,0,0,1
0,1,0.225,0.022446505,0,1,0,0,1,0,0,0,0,0,1
0,1,0.425,0.015712554,0,0,1,0,1,0,0,0,0,0,1
1,0,0.4125,0.168836756,1,0,0,0,0,1,0,0,0,0,1
0,1,0.35,0.028302115,0,0,1,0,1,0,0,0,0,0,1
0,1,0.5125,0.013907074,0,0,1,0,1,0,0,0,0,0,1
1,1,0.25,0.014110459,0,0,1,0,1,0,0,0,1,0,0
1,0,0.45,0.234224401,1,0,0,0.3,1,0,0,0,0,0,1
0,1,0.2,0.015175789,0,0,1,0,1,0,0,0,0,0,1
1,0,0.6375,0.152164468,1,0,0,0.1,1,0,0,0,0,0,1
0,1,0.35,0.077294052,1,0,0,0,1,0,0,0,1,0,0
0,0,0.38125,0.015126993,0,0,1,0,0,0,0,1,0,1,0
0,1,0.35,0.047137661,0,0,1,0.1,1,0,0,0,0,1,0
0,1,0.4,0.016322513,0,0,1,0,1,0,0,0,0,0,1
0,1,0.3,0.018542765,0,0,1,0,1,0,0,0,0,0,1
0,1,0.6,0.015330377,0,0,1,0,1,0,0,0,0,0,1
0,0,0.7125,0.020494635,0,1,0,0,1,0,0,0,0,0,1
0,1,0.35,0.014102261,0,0,1,0,1,0,0,0,1,0,0
1,0,0.675,0.04489301,0,1,0,0.4,1,0,0,0,0,0,1
0,1,0.225,0.015126993,0,0,1,0,1,0,0,0,0,0,1
0,1,0.35,0.015126993,0,0,1,0,1,0,0,0,0,1,0
1,0,0.0625,0.024349578,0,0,1,0,0,0,0,1,0,0,1
0,1,0.35,0.015102594,0,0,1,0,1,0,0,0,0,1,0
1,0,0.5375,0.412503328,1,0,0,0.1,1,0,0,0,0,0,1
1,0,0.1625,0.014110459,0,0,1,0,0,0,0,1,1,0,0
1,0,0.2125,0.11125659,1,0,0,0.1,1,0,0,0,0,0,1
0,1,0.3625,0.0585561,1,0,0,0,1,0,0,0,0,0,1
0,1,0.35,0.045771352,0,0,1,0.3,1,0,0,0,0,0,1
0,1,0.3125,0.013760684,0,0,1,0,1,0,0,0,0,0,1
0,1,0.3125,0.014151058,0,0,1,0,1,0,0,0,0,0,1
1,0,0.225,0.014630827,0,0,1,0,0,0,0,1,0,0,1
0,1,0.1,0.056848214,0,0,1,0.5,0,0,1,0,0,1,0
1,1,0.0125,0.040159725,0,0,1,0.3,0,0,1,0,0,0,1
0,1,0.575,0.154588105,1,0,0,0,1,0,0,0,1,0,0
0,1,0.35,0.015126993,0,0,1,0,1,0,0,0,0,1,0
0,1,0.2,0.05074862,0,1,0,0,1,0,0,0,0,0,1
